<?xml version="1.0" encoding="UTF-8" standalone="no"?>
<databaseChangeLog
    xmlns="http://www.liquibase.org/xml/ns/dbchangelog"
    xmlns:xsi="http://www.w3.org/2001/XMLSchema-instance"
    xmlns:ext="http://www.liquibase.org/xml/ns/dbchangelog-ext"
    xsi:schemaLocation="http://www.liquibase.org/xml/ns/dbchangelog http://www.liquibase.org/xml/ns/dbchangelog/dbchangelog-3.1.xsd
    http://www.liquibase.org/xml/ns/dbchangelog-ext http://www.liquibase.org/xml/ns/dbchangelog/dbchangelog-ext.xsd">
	
	<!-- START OF FILE LIST -->
        <include file="ACBS.sql" relativeToChangelogFile="true" />
	        <include file="DWH.sql" relativeToChangelogFile="true" />
	        <include file="EXPORT.sql" relativeToChangelogFile="true" />
	        <include file="GWB.sql" relativeToChangelogFile="true" />
	        <include file="INTRA.sql" relativeToChangelogFile="true" />
	        <include file="loadSatTests.sql" relativeToChangelogFile="true" />
	        <include file="MARKETRISK.sql" relativeToChangelogFile="true" />
	        <include file="MX.sql" relativeToChangelogFile="true" />
	        <include file="MX3.sql" relativeToChangelogFile="true" />
	        <include file="MX3INTRA.sql" relativeToChangelogFile="true" />
	        <include file="NOSTRO.sql" relativeToChangelogFile="true" />
	        <include file="PF.sql" relativeToChangelogFile="true" />
	        <include file="PNL.sql" relativeToChangelogFile="true" />
	        <include file="tSQLt.sql" relativeToChangelogFile="true" />
	        <include file="XOR.sql" relativeToChangelogFile="true" />
		<!-- END OF FILE LIST -->
</databaseChangeLog>
