<?xml version="1.0" encoding="UTF-8" standalone="no"?>
<databaseChangeLog
    xmlns="http://www.liquibase.org/xml/ns/dbchangelog"
    xmlns:xsi="http://www.w3.org/2001/XMLSchema-instance"
    xmlns:ext="http://www.liquibase.org/xml/ns/dbchangelog-ext"
    xsi:schemaLocation="http://www.liquibase.org/xml/ns/dbchangelog http://www.liquibase.org/xml/ns/dbchangelog/dbchangelog-3.1.xsd
    http://www.liquibase.org/xml/ns/dbchangelog-ext http://www.liquibase.org/xml/ns/dbchangelog/dbchangelog-ext.xsd">
	
	<!-- START OF FILE LIST -->
    <include file="MX3.field_XOR_structured_contract.sql" relativeToChangelogFile="true" />
    <include file="MX3.field_XOR_start_date.sql" relativeToChangelogFile="true" />
    <include file="MX3.field_XOR_product_group.sql" relativeToChangelogFile="true" />
    <include file="DWH.fnBasicContractView.sql" relativeToChangelogFile="true" />
    <include file="MX3.field_XOR_strategic_opportunistic.sql" relativeToChangelogFile="true" />
    <include file="DWH.fnContractCounterparts.sql" relativeToChangelogFile="true" />
    <include file="MX3.field_XOR_package_type.sql" relativeToChangelogFile="true" />
    <include file="MX3.field_XOR_mig_date.sql" relativeToChangelogFile="true" />
    <include file="MX3.field_XOR_contract_owner.sql" relativeToChangelogFile="true" />
    <include file="MX3.field_XOR_interest_rate.sql" relativeToChangelogFile="true" />
    <include file="ACBS.field_RAW_entity.sql" relativeToChangelogFile="true" />
    <include file="DWH.fnContractDates.sql" relativeToChangelogFile="true" />
    <include file="MX3.field_XOR_interest_margin.sql" relativeToChangelogFile="true" />
    <include file="DWH.fnContractEventDates.sql" relativeToChangelogFile="true" />
    <include file="MX3.field_XOR_interest_date.sql" relativeToChangelogFile="true" />
    <include file="DWH.fnContractEventValues.sql" relativeToChangelogFile="true" />
    <include file="MX3.field_XOR_instrument.sql" relativeToChangelogFile="true" />
    <include file="DWH.fnContractStatus.sql" relativeToChangelogFile="true" />
    <include file="MX3.field_XOR_initial_yield.sql" relativeToChangelogFile="true" />
    <include file="DWH.fnContractTriggerEvent.sql" relativeToChangelogFile="true" />
    <include file="MX3.field_XOR_initial_price.sql" relativeToChangelogFile="true" />
    <include file="DWH.fnContractValues.sql" relativeToChangelogFile="true" />
    <include file="MX3.field_XOR_hedge_indicator.sql" relativeToChangelogFile="true" />
    <include file="DWH.fnGetInstrumentQuoteBasis.sql" relativeToChangelogFile="true" />
    <include file="DWH.fnCounterpartRelations.sql" relativeToChangelogFile="true" />
    <include file="MX3.field_XOR_hedge_effectiveness_method.sql" relativeToChangelogFile="true" />
    <include file="DWH.fnGetCounterpartEmployes.sql" relativeToChangelogFile="true" />
    <include file="MX3.field_XOR_gwb_package_id.sql" relativeToChangelogFile="true" />
    <include file="DWH.fnGetGicsStructure.sql" relativeToChangelogFile="true" />
    <include file="MX3.field_XOR_fixed_variable.sql" relativeToChangelogFile="true" />
    <include file="DWH.fnGetLegTypeID.sql" relativeToChangelogFile="true" />
    <include file="MX3.field_XOR_currency.sql" relativeToChangelogFile="true" />
    <include file="DWH.fnLKP_territory.sql" relativeToChangelogFile="true" />
    <include file="MX3.field_XOR_contract_currency.sql" relativeToChangelogFile="true" />
    <include file="MX3.field_RAW_entity.sql" relativeToChangelogFile="true" />
    <include file="DWH.fnInstrumentBondLeadManagers.sql" relativeToChangelogFile="true" />
    <include file="MX3.field_XOR_bond_leg.sql" relativeToChangelogFile="true" />
    <include file="DWH.fnInstrumentEventDates.sql" relativeToChangelogFile="true" />
    <include file="MX3.field_AccrualDayCountConvention_LEG.sql" relativeToChangelogFile="true" />
    <include file="DWH.fnInstrumentEventValues.sql" relativeToChangelogFile="true" />
    <include file="MX3.field_originalContractNumber.sql" relativeToChangelogFile="true" />
    <include file="DWH.fnInstrumentTriggerEvent.sql" relativeToChangelogFile="true" />
<!-- DWH.fnLKP_territory_validate_period Moved to constraint functions -->
    <include file="MX3.field_totalMargin.sql" relativeToChangelogFile="true" />
    <include file="DWH.fnPackages.sql" relativeToChangelogFile="true" />
    <include file="MX3.field_optionQuantity.sql" relativeToChangelogFile="true" />
    <include file="DWH.fnSureties.sql" relativeToChangelogFile="true" />
    <include file="MX3.field_optionBarrierRebate.sql" relativeToChangelogFile="true" />
    <include file="MX3.field_optionBarrier.sql" relativeToChangelogFile="true" />
    <include file="MX3.fnPackages.sql" relativeToChangelogFile="true" />
    <include file="MX3.field_CRS_coupon_currency_LEG.sql" relativeToChangelogFile="true" />
    <include file="DWH.get_NoOfAForGroup.sql" relativeToChangelogFile="true" />
    <include file="MX3.field_optionCapLevel.sql" relativeToChangelogFile="true" />
    <include file="MX3.field_XOR_entity.sql" relativeToChangelogFile="true" />
    <include file="MX3.field_optionStrikeValue.sql" relativeToChangelogFile="true" />
    <include file="DWH.get_MinRating.sql" relativeToChangelogFile="true" />
    <include file="MX3.field_optionPremiumValueCurrency.sql" relativeToChangelogFile="true" />
    <include file="MX.field_CRS_cds_covered_asset_trade_TRN.sql" relativeToChangelogFile="true" />
    <include file="MX3.field_optionDeliveryDate.sql" relativeToChangelogFile="true" />
    <include file="MX.field_initialInterestRate.sql" relativeToChangelogFile="true" />
    <include file="DWH.get_H_AncestorByCounterpartId.sql" relativeToChangelogFile="true" />
    <include file="MX3.field_optionStrikeDate.sql" relativeToChangelogFile="true" />
    <include file="MX.field_liveQuantity.sql" relativeToChangelogFile="true" />
    <include file="tSQLt.F_Num.sql" relativeToChangelogFile="true" />
    <include file="DWH.get_H_AncestorByShortName.sql" relativeToChangelogFile="true" />
    <include file="MARKETRISK.isJobRunUsingBookingType.sql" relativeToChangelogFile="true" />
    <include file="MX3.field_calculationEndDate.sql" relativeToChangelogFile="true" />
    <include file="MX.field_initialQuantity.sql" relativeToChangelogFile="true" />
    <include file="tSQLt.Info.sql" relativeToChangelogFile="true" />
    <include file="DWH.get_H_RiskCounterpartByCounterpartId.sql" relativeToChangelogFile="true" />
    <include file="MX3.field_cap_floor.sql" relativeToChangelogFile="true" />
    <include file="MX.field_XOR_fair_value_clean.sql" relativeToChangelogFile="true" />
    <include file="tSQLt.Private_GetCleanSchemaName.sql" relativeToChangelogFile="true" />
    <include file="PF.field_RAW_entity.sql" relativeToChangelogFile="true" />
    <include file="tSQLt.TestCaseSummary.sql" relativeToChangelogFile="true" />
    <include file="MX3.field_initialInterestRate.sql" relativeToChangelogFile="true" />
    <include file="tSQLt.GetTestResultFormatter.sql" relativeToChangelogFile="true" />
    <include file="MX3.field_liveQuantity.sql" relativeToChangelogFile="true" />
    <include file="DWH.fnGetSekContractType.sql" relativeToChangelogFile="true" />
    <include file="MX3.field_initialQuantity.sql" relativeToChangelogFile="true" />
    <include file="tSQLt.Private_GetCleanObjectName.sql" relativeToChangelogFile="true" />
    <include file="DWH.fnGetSekContractStatusLevel2.sql" relativeToChangelogFile="true" />
    <include file="MX3.field_XOR_fair_value_clean.sql" relativeToChangelogFile="true" />
    <include file="DWH.fnGetSekContractStatusLevel1.sql" relativeToChangelogFile="true" />
    <include file="MX3.field_XOR_term_original.sql" relativeToChangelogFile="true" />
    <include file="MX3.field_COM_accountingLevel_TRN.sql" relativeToChangelogFile="true" />
    <include file="MX.field_XOR_term_original.sql" relativeToChangelogFile="true" />
    <include file="tSQLt.Private_GetConstraintType.sql" relativeToChangelogFile="true" />
    <include file="DWH.get_H_LegalCounterpartByCounterpartId.sql" relativeToChangelogFile="true" />
    <include file="MX3.field_COM_uniqueTradeId_TRN.sql" relativeToChangelogFile="true" />
    <include file="MX.field_XOR_structured_contract.sql" relativeToChangelogFile="true" />
    <include file="tSQLt.Private_GetOriginalTableName.sql" relativeToChangelogFile="true" />
    <include file="MX3.field_optionPremiumValue.sql" relativeToChangelogFile="true" />
    <include file="MX.field_CRS_coupon_currency_LEG.sql" relativeToChangelogFile="true" />
    <include file="MX3.field_barrierWindowEndDate.sql" relativeToChangelogFile="true" />
    <include file="MX.field_XOR_entity.sql" relativeToChangelogFile="true" />
    <include file="MX3.field_COM_user_TRN.sql" relativeToChangelogFile="true" />
    <include file="MX.field_XOR_start_date.sql" relativeToChangelogFile="true" />
    <include file="MX3.field_COM_inOutDate_TRN.sql" relativeToChangelogFile="true" />
    <include file="MX.field_XOR_product_group.sql" relativeToChangelogFile="true" />
    <include file="MX3.field_COM_comment_TRN.sql" relativeToChangelogFile="true" />
    <include file="MX.field_XOR_strategic_opportunistic.sql" relativeToChangelogFile="true" />
    <include file="MX.field_replacedByTradeNumber.sql" relativeToChangelogFile="true" />
    <include file="DWH.get_H_RiskCounterpartByShortName.sql" relativeToChangelogFile="true" />
    <include file="MX3.field_COM_actionDate_TRN.sql" relativeToChangelogFile="true" />
    <include file="MX.field_XOR_package_type.sql" relativeToChangelogFile="true" />
    <include file="MX.field_replacesTradeNumber.sql" relativeToChangelogFile="true" />
    <include file="MX3.field_CRS_earlyTerm.sql" relativeToChangelogFile="true" />
    <include file="MX.field_XOR_mig_date.sql" relativeToChangelogFile="true" />
    <include file="MX3.field_replacesTradeNumber.sql" relativeToChangelogFile="true" />
    <include file="DWH.get_H_LegalCounterpartByShortName.sql" relativeToChangelogFile="true" />
    <include file="MX3.field_COM_MxSuretyType.sql" relativeToChangelogFile="true" />
    <include file="MX.field_XOR_contract_owner.sql" relativeToChangelogFile="true" />
    <include file="MX3.field_barrierWindowStartDate.sql" relativeToChangelogFile="true" />
    <include file="MX3.field_CRS_cpyRefMxg_TRN.sql" relativeToChangelogFile="true" />
    <include file="MX.field_XOR_interest_rate.sql" relativeToChangelogFile="true" />
    <include file="MX3.field_CRS_guarantor2_id_TRN.sql" relativeToChangelogFile="true" />
    <include file="MX.field_XOR_interest_date.sql" relativeToChangelogFile="true" />
    <include file="INTRA.fnReplacesTradeNumber.sql" relativeToChangelogFile="true" />
    <include file="MX3.field_CRS_guarantor_share_TRN.sql" relativeToChangelogFile="true" />
    <include file="MX.field_XOR_instrument.sql" relativeToChangelogFile="true" />
    <include file="MX3.field_replacedByTradeNumber.sql" relativeToChangelogFile="true" />
    <include file="MX3.field_CRS_start_date_TRN.sql" relativeToChangelogFile="true" />
    <include file="MX.field_XOR_hedge_effectiveness_method.sql" relativeToChangelogFile="true" />
<!-- DWH.getContractTypeID Moved to constraint functions -->
    <include file="MX3.field_CRS_nominal_currency_orig_LEG.sql" relativeToChangelogFile="true" />
    <include file="MX.field_XOR_gwb_package_id.sql" relativeToChangelogFile="true" />
    <include file="DWH.getCounterpartParent.sql" relativeToChangelogFile="true" />
    <include file="MX3.field_CRS_nominal_amount_out_LEG.sql" relativeToChangelogFile="true" />
    <include file="MX.field_XOR_fixed_variable.sql" relativeToChangelogFile="true" />
    <include file="MX3.field_CRS_nominal_amount_orig_LEG.sql" relativeToChangelogFile="true" />
    <include file="MX.field_XOR_currency.sql" relativeToChangelogFile="true" />
    <include file="MX3.field_CRS_nextCoupDate_LEG.sql" relativeToChangelogFile="true" />
    <include file="MX.field_XOR_contract_currency.sql" relativeToChangelogFile="true" />
    <include file="DWH.getCounterpartParentLegal.sql" relativeToChangelogFile="true" />
    <include file="MX3.field_CRS_next_fixing_date_LEG.sql" relativeToChangelogFile="true" />
    <include file="MX.field_RAW_entity.sql" relativeToChangelogFile="true" />
    <include file="DWH.getCounterpartParentRisk.sql" relativeToChangelogFile="true" />
    <include file="MX3.field_CRS_is_credit_TRN.sql" relativeToChangelogFile="true" />
    <include file="MX.field_XOR_bond_leg.sql" relativeToChangelogFile="true" />
    <include file="DWH.getCounterPartRoleID.sql" relativeToChangelogFile="true" />
    <include file="MX3.field_CRS_gwb_lnk_TRN.sql" relativeToChangelogFile="true" />
    <include file="MX.field_AccrualDayCountConvention_LEG.sql" relativeToChangelogFile="true" />
    <include file="DWH.getEntityMapping.sql" relativeToChangelogFile="true" />
    <include file="MX3.field_CRS_extern_all_in2_date_TRN.sql" relativeToChangelogFile="true" />
    <include file="MX.field_originalContractNumber.sql" relativeToChangelogFile="true" />
    <include file="MX3.field_CRS_extern_all_in2_TRN.sql" relativeToChangelogFile="true" />
    <include file="DWH.getLoadContextID.sql" relativeToChangelogFile="true" />
    <include file="MX3.field_CRS_currency_TRN.sql" relativeToChangelogFile="true" />
    <include file="DWH.getMigratedLoansACBS.sql" relativeToChangelogFile="true" />
    <include file="MX3.field_CRS_coupon_type_LEG.sql" relativeToChangelogFile="true" />
    <include file="MX.field_totalMargin.sql" relativeToChangelogFile="true" />
    <include file="DWH.getRatings.sql" relativeToChangelogFile="true" />
    <include file="MX3.field_CRS_coupon_spread_LEG.sql" relativeToChangelogFile="true" />
    <include file="MX.field_optionQuantity.sql" relativeToChangelogFile="true" />
    <include file="DWH.getRatingsWithOverride.sql" relativeToChangelogFile="true" />
    <include file="MX3.field_CRS_coupon_frequency_LEG.sql" relativeToChangelogFile="true" />
    <include file="MX.field_optionBarrierRebate.sql" relativeToChangelogFile="true" />
    <include file="MX.field_CRS_maturity_date_LEG.sql" relativeToChangelogFile="true" />
    <include file="MX3.field_CRS_coupon_accrued_interest_currency_LEG.sql" relativeToChangelogFile="true" />
    <include file="MX.field_optionBarrier.sql" relativeToChangelogFile="true" />
    <include file="MX3.field_CRS_swapconfirmstatus_TRN.sql" relativeToChangelogFile="true" />
    <include file="MX.field_XOR_interest_margin.sql" relativeToChangelogFile="true" />
    <include file="MX3.field_CRS_guarantor_id_TRN.sql" relativeToChangelogFile="true" />
    <include file="MX.field_XOR_initial_yield.sql" relativeToChangelogFile="true" />
    <include file="MX3.field_CRS_exposure_class_TRN.sql" relativeToChangelogFile="true" />
    <include file="MX.field_XOR_initial_price.sql" relativeToChangelogFile="true" />
    <include file="MX3.field_CRS_value_LEG.sql" relativeToChangelogFile="true" />
    <include file="MX.field_XOR_hedge_indicator.sql" relativeToChangelogFile="true" />
    <include file="MX3.field_CRS_coupon_base_curve_LEG.sql" relativeToChangelogFile="true" />
    <include file="MX.field_optionCapLevel.sql" relativeToChangelogFile="true" />
    <include file="MX.field_CRS_coupon_rate_LEG.sql" relativeToChangelogFile="true" />
    <include file="MX3.field_CRS_coupon_accrued_interest_LEG.sql" relativeToChangelogFile="true" />
    <include file="MX.field_optionStrikeValue.sql" relativeToChangelogFile="true" />
    <include file="MX.field_CRS_asset_or_liability_LEG.sql" relativeToChangelogFile="true" />
    <include file="MX3.field_CRS_contractno_TRN.sql" relativeToChangelogFile="true" />
    <include file="MX.field_optionPremiumValueCurrency.sql" relativeToChangelogFile="true" />
    <include file="MX3.field_CRS_cds_covered_asset_TRN.sql" relativeToChangelogFile="true" />
    <include file="MX.field_barrierWindowEndDate.sql" relativeToChangelogFile="true" />
    <include file="MX.field_XOR_XIT_FLOW.sql" relativeToChangelogFile="true" />
    <include file="MX3.field_CRS_cds_buy_sell_LEG.sql" relativeToChangelogFile="true" />
    <include file="MX.field_barrierWindowStartDate.sql" relativeToChangelogFile="true" />
    <include file="MX.field_XOR_U_status.sql" relativeToChangelogFile="true" />
    <include file="MX3.field_CRS_bond_underlying_value_TRN.sql" relativeToChangelogFile="true" />
    <include file="MX.field_optionDeliveryDate.sql" relativeToChangelogFile="true" />
    <include file="MX3.field_CRS_bond_underlying_notional_TRN.sql" relativeToChangelogFile="true" />
    <include file="MX.field_optionStrikeDate.sql" relativeToChangelogFile="true" />
    <include file="MX.field_XOR_nominal_amount.sql" relativeToChangelogFile="true" />
    <include file="MX3.field_CRS_bond_maturity_date_TRN.sql" relativeToChangelogFile="true" />
    <include file="MX.field_calculationEndDate.sql" relativeToChangelogFile="true" />
    <include file="MX.field_XOR_term_remain.sql" relativeToChangelogFile="true" />
    <include file="MX3.field_CRS_bond_dirty_price_TRN.sql" relativeToChangelogFile="true" />
    <include file="MX.field_cap_floor.sql" relativeToChangelogFile="true" />
    <include file="MX3.field_CRS_bond_clean_price_TRN.sql" relativeToChangelogFile="true" />
    <include file="MX.field_COM_accountingLevel_TRN.sql" relativeToChangelogFile="true" />
    <include file="MX.field_XOR_maturity_date.sql" relativeToChangelogFile="true" />
    <include file="MX3.field_payOrReceive.sql" relativeToChangelogFile="true" />
    <include file="MX.field_COM_uniqueTradeId_TRN.sql" relativeToChangelogFile="true" />
    <include file="MX3.field_CRS_allocation_TRN.sql" relativeToChangelogFile="true" />
    <include file="MX.field_COM_user_TRN.sql" relativeToChangelogFile="true" />
    <include file="MX.field_XOR_assetLiability.sql" relativeToChangelogFile="true" />
    <include file="MX.field_COM_inOutDate_TRN.sql" relativeToChangelogFile="true" />
    <include file="tSQLt.Private_GetQuotedTableNameForConstraint.sql" relativeToChangelogFile="true" />
    <include file="MX.field_COM_comment_TRN.sql" relativeToChangelogFile="true" />
    <include file="MX3.field_CRS_maturity_date_LEG.sql" relativeToChangelogFile="true" />
    <include file="MX.field_COM_actionDate_TRN.sql" relativeToChangelogFile="true" />
    <include file="MX.field_CRS_earlyTerm.sql" relativeToChangelogFile="true" />
    <include file="MX3.field_CRS_coupon_rate_LEG.sql" relativeToChangelogFile="true" />
    <include file="MX.field_COM_MxSuretyType.sql" relativeToChangelogFile="true" />
    <include file="MX3.field_CRS_asset_or_liability_LEG.sql" relativeToChangelogFile="true" />
    <include file="MX.field_CRS_cpyRefMxg_TRN.sql" relativeToChangelogFile="true" />
    <include file="MX3.field_CRS_cds_covered_asset_trade_TRN.sql" relativeToChangelogFile="true" />
    <include file="MX.field_optionPremiumValue.sql" relativeToChangelogFile="true" />
    <include file="MX.field_CRS_swapconfirmstatus_TRN.sql" relativeToChangelogFile="true" />
    <include file="MX.field_CRS_guarantor2_id_TRN.sql" relativeToChangelogFile="true" />
    <include file="MX3.field_XOR_XIT_FLOW.sql" relativeToChangelogFile="true" />
    <include file="MX.field_CRS_guarantor_share_TRN.sql" relativeToChangelogFile="true" />
    <include file="MX3.field_XOR_U_status.sql" relativeToChangelogFile="true" />
    <include file="MX.field_CRS_guarantor_id_TRN.sql" relativeToChangelogFile="true" />
    <include file="MX.field_CRS_exposure_class_TRN.sql" relativeToChangelogFile="true" />
    <include file="MX3.field_XOR_nominal_amount.sql" relativeToChangelogFile="true" />
    <include file="tSQLt.Private_GetQuotedFullName.sql" relativeToChangelogFile="true" />
    <include file="MX.field_CRS_value_LEG.sql" relativeToChangelogFile="true" />
    <include file="MX3.field_XOR_term_remain.sql" relativeToChangelogFile="true" />
    <include file="MX.field_CRS_start_date_TRN.sql" relativeToChangelogFile="true" />
    <include file="MX.field_CRS_nominal_currency_orig_LEG.sql" relativeToChangelogFile="true" />
    <include file="MX3.field_XOR_maturity_date.sql" relativeToChangelogFile="true" />
    <include file="MX.field_CRS_nominal_amount_out_LEG.sql" relativeToChangelogFile="true" />
    <include file="MX.field_CRS_next_fixing_date_LEG.sql" relativeToChangelogFile="true" />
    <include file="NOSTRO.getACBSNostroTransactionStatus.sql" relativeToChangelogFile="true" />
    <include file="MX.field_CRS_is_credit_TRN.sql" relativeToChangelogFile="true" />
    <include file="PF.fnGetSekContractStatusLevel2.sql" relativeToChangelogFile="true" />
    <include file="tSQLt.Private_GetCommaSeparatedColumnList.sql" relativeToChangelogFile="true" />
    <include file="MX.field_CRS_gwb_lnk_TRN.sql" relativeToChangelogFile="true" />
    <include file="PF.fnGetSekContractStatusLevel1.sql" relativeToChangelogFile="true" />
    <include file="MX.field_CRS_extern_all_in2_date_TRN.sql" relativeToChangelogFile="true" />
    <include file="MX.field_CRS_extern_all_in2_TRN.sql" relativeToChangelogFile="true" />
    <include file="MX.field_CRS_currency_TRN.sql" relativeToChangelogFile="true" />
    <include file="tSQLt.Private_SqlVariantFormatter.sql" relativeToChangelogFile="true" />
    <include file="MX.field_CRS_coupon_type_LEG.sql" relativeToChangelogFile="true" />
    <include file="MX.field_CRS_coupon_spread_LEG.sql" relativeToChangelogFile="true" />
    <include file="MX.field_CRS_nominal_amount_orig_LEG.sql" relativeToChangelogFile="true" />
    <include file="MX3.field_XOR_assetLiability.sql" relativeToChangelogFile="true" />
    <include file="MX.field_CRS_nextCoupDate_LEG.sql" relativeToChangelogFile="true" />
    <include file="MX.field_CRS_coupon_frequency_LEG.sql" relativeToChangelogFile="true" />
    <include file="MX.field_CRS_coupon_accrued_interest_currency_LEG.sql" relativeToChangelogFile="true" />
    <include file="MX.field_CRS_coupon_accrued_interest_LEG.sql" relativeToChangelogFile="true" />
    <include file="tSQLt.Private_GetOriginalTableInfo.sql" relativeToChangelogFile="true" />
    <include file="MX.field_CRS_contractno_TRN.sql" relativeToChangelogFile="true" />
    <include file="MX.field_CRS_cds_covered_asset_TRN.sql" relativeToChangelogFile="true" />
    <include file="tSQLt.Private_GetFullTypeName.sql" relativeToChangelogFile="true" />
    <include file="tSQLt.Private_GetIdentityDefinition.sql" relativeToChangelogFile="true" />
    <include file="MX.field_CRS_cds_buy_sell_LEG.sql" relativeToChangelogFile="true" />
    <include file="MX.field_CRS_bond_dirty_price_TRN.sql" relativeToChangelogFile="true" />
    <include file="tSQLt.Private_ResolveFakeTableNamesForBackwardCompatibility.sql" relativeToChangelogFile="true" />
    <include file="MX.field_CRS_bond_clean_price_TRN.sql" relativeToChangelogFile="true" />
    <include file="tSQLt.Private_GetLastTestNameIfNotProvided.sql" relativeToChangelogFile="true" />
    <include file="MX.field_payOrReceive.sql" relativeToChangelogFile="true" />
    <include file="tSQLt.Private_GetSchemaId.sql" relativeToChangelogFile="true" />
    <include file="MX.field_CRS_allocation_TRN.sql" relativeToChangelogFile="true" />
    <include file="DWH.getContractType.sql" relativeToChangelogFile="true" />
    <include file="tSQLt.Private_GetDefaultConstraintDefinition.sql" relativeToChangelogFile="true" />
    <include file="MX.field_CRS_bond_underlying_value_TRN.sql" relativeToChangelogFile="true" />
    <include file="tSQLt.Private_GetForeignKeyRefColumns.sql" relativeToChangelogFile="true" />
    <include file="MX.field_CRS_bond_underlying_notional_TRN.sql" relativeToChangelogFile="true" />
    <include file="tSQLt.Private_GetForeignKeyParColumns.sql" relativeToChangelogFile="true" />
    <include file="MX.field_CRS_bond_maturity_date_TRN.sql" relativeToChangelogFile="true" />
    <include file="tSQLt.Private_ResolveObjectName.sql" relativeToChangelogFile="true" />
    <include file="tSQLt.Private_QuoteClassNameForNewTestClass.sql" relativeToChangelogFile="true" />
    <include file="MX.field_CRS_coupon_base_curve_LEG.sql" relativeToChangelogFile="true" />
    <include file="tSQLt.Private_ResolveSchemaName.sql" relativeToChangelogFile="true" />
    <include file="tSQLt.Private_GetForeignKeyDefinition.sql" relativeToChangelogFile="true" />
    <include file="tSQLt.Private_IsTestClass.sql" relativeToChangelogFile="true" />
    <include file="tSQLt.Private_GetDataTypeOrComputedColumnDefinition.sql" relativeToChangelogFile="true" />
    <include file="tSQLt.Private_FindConstraint.sql" relativeToChangelogFile="true" />
    <include file="MX3.field_XOR_replaces_contractno.sql" relativeToChangelogFile="true" />
    <include file="PF.fnContractViewProFinancePre20111231.sql" relativeToChangelogFile="true" />
    <include file="MX3.field_XOR_product_type.sql" relativeToChangelogFile="true" />
    <include file="MX3.field_XOR_potential_risk.sql" relativeToChangelogFile="true" />
    <include file="MX3.field_XOR_contract_status.sql" relativeToChangelogFile="true" />
    <include file="MX3.field_CRS_next_coupon_date_LEG.sql" relativeToChangelogFile="true" />
    <include file="MX.field_CRS_next_coupon_date_LEG.sql" relativeToChangelogFile="true" />
    <include file="MX3.field_CRS_extern_all_in_TRN.sql" relativeToChangelogFile="true" />
    <include file="MX3.field_CRS_currCoupDate_LEG.sql" relativeToChangelogFile="true" />
    <include file="MX.field_XOR_replaces_contractno.sql" relativeToChangelogFile="true" />
    <include file="MX.field_XOR_product_type.sql" relativeToChangelogFile="true" />
    <include file="MX.field_XOR_potential_risk.sql" relativeToChangelogFile="true" />
    <include file="MX.field_XOR_contract_status.sql" relativeToChangelogFile="true" />
    <include file="MX.field_CRS_extern_all_in_TRN.sql" relativeToChangelogFile="true" />
    <include file="DWH.get_H_SiblingsByShortName.sql" relativeToChangelogFile="true" />
    <include file="DWH.get_H_SiblingsByCounterpartId.sql" relativeToChangelogFile="true" />
    <include file="DWH.get_H_RootByShortName.sql" relativeToChangelogFile="true" />
    <include file="MX.field_CRS_currCoupDate_LEG.sql" relativeToChangelogFile="true" />
    <include file="DWH.getInternalSector.sql" relativeToChangelogFile="true" />
    <include file="DWH.get_H_RootByCounterpartId.sql" relativeToChangelogFile="true" />
    <include file="DWH.get_CounterpartNoOfASpreadForSEK.sql" relativeToChangelogFile="true" />
    <include file="DWH.has_H_SameLegalCounterpartByShortName.sql" relativeToChangelogFile="true" />
    <include file="DWH.has_H_SameRiskCounterpartByShortName.sql" relativeToChangelogFile="true" />
    <include file="DWH.get_CounterpartNoOfASpread.sql" relativeToChangelogFile="true" />
    <include file="DWH.get_CounterpartNoOfAForSEK.sql" relativeToChangelogFile="true" />
    <include file="DWH.has_H_SameLegalCounterpartByCounterpartId.sql" relativeToChangelogFile="true" />
    <include file="ACBS.fnGetContracts.sql" relativeToChangelogFile="true" />
    <include file="DWH.has_H_SameRiskCounterpartByCounterpartId.sql" relativeToChangelogFile="true" />
    <include file="DWH.get_CounterpartNoOfA.sql" relativeToChangelogFile="true" />
    <include file="DWH.fnGetTerritories.sql" relativeToChangelogFile="true" />
    <include file="DWH.get_H_AncestorsByCounterpartId.sql" relativeToChangelogFile="true" />
    <include file="DWH.get_H_AncestorsByShortName.sql" relativeToChangelogFile="true" />
    <include file="DWH.get_H_DescendantsByShortName.sql" relativeToChangelogFile="true" />
    <include file="DWH.get_H_DescendantsByCounterpartId.sql" relativeToChangelogFile="true" />
    <include file="PF.fnContractViewProFinance.sql" relativeToChangelogFile="true" />
    <include file="tSQLt.Private_ResolveApplyConstraintParameters.sql" relativeToChangelogFile="true" />
    <include file="tSQLt.Private_ResolveName.sql" relativeToChangelogFile="true" />
    <include file="PF.fnAmortizationViewProFinancePre20111231.sql" relativeToChangelogFile="true" />
    <include file="PF.fnAmortizationViewProFinance.sql" relativeToChangelogFile="true" />

    <!-- END OF FILE LIST -->

</databaseChangeLog>
