<?xml version="1.0" encoding="UTF-8" standalone="no"?>
<databaseChangeLog
    xmlns="http://www.liquibase.org/xml/ns/dbchangelog"
    xmlns:xsi="http://www.w3.org/2001/XMLSchema-instance"
    xmlns:ext="http://www.liquibase.org/xml/ns/dbchangelog-ext"
    xsi:schemaLocation="http://www.liquibase.org/xml/ns/dbchangelog http://www.liquibase.org/xml/ns/dbchangelog/dbchangelog-3.1.xsd
    http://www.liquibase.org/xml/ns/dbchangelog-ext http://www.liquibase.org/xml/ns/dbchangelog/dbchangelog-ext.xsd">
	
	<!-- START OF FILE LIST -->
    <include file="DWH.LKP_additionalDisruptionEvent_Data.sql" relativeToChangelogFile="true" />
    <include file="DWH.LKP_SCB_Data.sql" relativeToChangelogFile="true" />
    <include file="DWH.LKP_dayCountConvention_Data.sql" relativeToChangelogFile="true" />
    <include file="DWH.LKP_SEKsector_Data.sql" relativeToChangelogFile="true" />
    <include file="INTRA.LKP_importFilterContract_Data.sql" relativeToChangelogFile="true" />
    <include file="DWH.LKP_swapStatus_Data.sql" relativeToChangelogFile="true" />
    <include file="DWH.LKP_limitDimension_Data.sql" relativeToChangelogFile="true" />
    <include file="DWH.LKP_legType_Data.sql" relativeToChangelogFile="true" />
    <include file="DWH.LKP_limitList_Data.sql" relativeToChangelogFile="true" />
    <include file="DWH.LKP_dateType_Data.sql" relativeToChangelogFile="true" />
    <include file="DWH.LKP_limitRiskType_Data.sql" relativeToChangelogFile="true" />
    <include file="DWH.LKP_eventType_Data.sql" relativeToChangelogFile="true" />
    <include file="DWH.LKP_limitCategory_Data.sql" relativeToChangelogFile="true" />
    <include file="DWH.LKP_marketOperation_Data.sql" relativeToChangelogFile="true" />
    <include file="DWH.LKP_accountType_Data.sql" relativeToChangelogFile="true" />
    <include file="DWH.LKP_optionStandard_Data.sql" relativeToChangelogFile="true" />
    <include file="DWH.LKP_contractStatusType_Data.sql" relativeToChangelogFile="true" />
    <include file="DWH.LKP_timeToMaturity_Data.sql" relativeToChangelogFile="true" />
    <include file="DWH.LKP_contractStatus_Data.sql" relativeToChangelogFile="true" />
    <include file="DWH.LKP_valueType_Data.sql" relativeToChangelogFile="true" />
    <include file="DWH.LKP_optionStyle_Data.sql" relativeToChangelogFile="true" />
    <include file="DWH.LKP_creditQualityType_Data.sql" relativeToChangelogFile="true" />
    <include file="DWH.LKP_internalSector_Data.sql" relativeToChangelogFile="true" />
    <include file="DWH.LKP_hedgeTradeType_Data.sql" relativeToChangelogFile="true" />
    <include file="DWH.LKP_packageType_Data.sql" relativeToChangelogFile="true" />
    <include file="DWH.LKP_internalUnit_Data.sql" relativeToChangelogFile="true" />
    <include file="DWH.stressScenario_Data.sql" relativeToChangelogFile="true" />
    <include file="DWH.LKP_portfolio_Data.sql" relativeToChangelogFile="true" />
    <include file="DWH.LKP_barrierType_Data.sql" relativeToChangelogFile="true" />
    <include file="DWH.LKP_rating_Data.sql" relativeToChangelogFile="true" />
    <include file="DWH.LKP_productGroup_Data.sql" relativeToChangelogFile="true" />
    <include file="DWH.LKP_barrierWindowStyle_Data.sql" relativeToChangelogFile="true" />
    <include file="DWH.LKP_ratingGrade_Data.sql" relativeToChangelogFile="true" />
    <include file="DWH.LKP_ratingOrganization_Data.sql" relativeToChangelogFile="true" />
    <include file="DWH.LKP_numberOfAGroupName_Data.sql" relativeToChangelogFile="true" />
    <include file="DWH.LKP_capitalAdequacy_Data.sql" relativeToChangelogFile="true" />
    <include file="DWH.LKP_numberOfAGroupType_Data.sql" relativeToChangelogFile="true" />
    <include file="DWH.LKP_swapAgreement_Data.sql" relativeToChangelogFile="true" />
    <include file="DWH.LKP_unitType_Data.sql" relativeToChangelogFile="true" />
    <include file="DWH.LKP_territoryType_Data.sql" relativeToChangelogFile="true" />
    <include file="DWH.LKP_risk_Data.sql" relativeToChangelogFile="true" />
    <include file="DWH.LKP_lifecycleStatus_Data.sql" relativeToChangelogFile="true" />
    <include file="DWH.LKP_market_Data.sql" relativeToChangelogFile="true" />
    <include file="DWH.LKP_knowYourCustomerClass_Data.sql" relativeToChangelogFile="true" />
    <include file="DWH.LKP_marketDataType_Data.sql" relativeToChangelogFile="true" />
    <include file="DWH.LKP_beneficialOwner_Data.sql" relativeToChangelogFile="true" />
    <include file="DWH.sekContractType_Data.sql" relativeToChangelogFile="true" />
    <include file="DWH.LKP_amountType_Data.sql" relativeToChangelogFile="true" />
    <include file="DWH.LKP_bookingYear_Data.sql" relativeToChangelogFile="true" />
    <include file="DWH.LKP_payflowStatus_Data.sql" relativeToChangelogFile="true" />
    <include file="DWH.LKP_relationType_Data.sql" relativeToChangelogFile="true" />
    <include file="DWH.LKP_report_Data.sql" relativeToChangelogFile="true" />
    <include file="DWH.LKP_ABStype_Data.sql" relativeToChangelogFile="true" />
    <include file="DWH.LKP_amortizationStatus_Data.sql" relativeToChangelogFile="true" />
    <include file="DWH.LKP_creditQuality_Data.sql" relativeToChangelogFile="true" />
    <include file="DWH.LKP_currency_Data.sql" relativeToChangelogFile="true" />
    <include file="DWH.LKP_packageStatus_Data.sql" relativeToChangelogFile="true" />
    <include file="DWH.legalEntity_Data.sql" relativeToChangelogFile="true" />
    <include file="DWH.LKP_packageMethod_Data.sql" relativeToChangelogFile="true" />
    <include file="DWH.LKP_instrumentEvaluationMode_Data.sql" relativeToChangelogFile="true" />
    <include file="DWH.addressType_Data.sql" relativeToChangelogFile="true" />
    <include file="DWH.LKP_sekCounterpartGroup_Data.sql" relativeToChangelogFile="true" />
    <include file="DWH.LKP_riskWeightFunction_Data.sql" relativeToChangelogFile="true" />
    <include file="DWH.LKP_basel2Class_Data.sql" relativeToChangelogFile="true" />
    <include file="DWH.LKP_counterPartRole_Data.sql" relativeToChangelogFile="true" />
    <include file="DWH.LKP_basel2Method_Data.sql" relativeToChangelogFile="true" />
    <include file="DWH.LKP_cashFlowType_Data.sql" relativeToChangelogFile="true" />
    <include file="DWH.LKP_employee_Data.sql" relativeToChangelogFile="true" />
    <include file="DWH.LKP_cashFlowExcludeStatus_Data.sql" relativeToChangelogFile="true" />
    <include file="DWH.LKP_employeeRole_Data.sql" relativeToChangelogFile="true" />
    <include file="DWH.LKP_ProFinanceContractPortfolio_Data.sql" relativeToChangelogFile="true" />
    <include file="DWH.LKP_ProFinanceContractStatusCodeImport_Data.sql" relativeToChangelogFile="true" />
    <include file="MX3.LKP_packageStatus_Data.sql" relativeToChangelogFile="true" />
    <include file="DWH.LKP_eventCategory_Data.sql" relativeToChangelogFile="true" />
    <include file="DWH.LKP_employeeRoleType_Data.sql" relativeToChangelogFile="true" />
    <include file="DWH.LKP_hedgeStrategy_Data.sql" relativeToChangelogFile="true" />
    <include file="DWH.LKP_suretyType_Data.sql" relativeToChangelogFile="true" />
    <include file="DWH.LKP_exposureClass_Data.sql" relativeToChangelogFile="true" />
    <include file="DWH.LKP_reportingEntity_Data.sql" relativeToChangelogFile="true" />
    <include file="DWH.LKP_PartialAllocation_Data.sql" relativeToChangelogFile="true" />
    <include file="DWH.LKP_GICS_Data.sql" relativeToChangelogFile="true" />
    <include file="DWH.LKP_hedgeType_Data.sql" relativeToChangelogFile="true" />
    <include file="DWH.LKP_responsibilityCenter_Data.sql" relativeToChangelogFile="true" />
    <include file="DWH.LKP_creditQualityParent_Data.sql" relativeToChangelogFile="true" />
    <include file="DWH.LKP_granularity_Data.sql" relativeToChangelogFile="true" />
    <include file="DWH.LKP_commodityType_Data.sql" relativeToChangelogFile="true" />
    <include file="DWH.LKP_outlookWatch_Data.sql" relativeToChangelogFile="true" />
    <include file="DWH.LKP_contractType_Data.sql" relativeToChangelogFile="true" />
    <include file="DWH.LKP_importSource_Data.sql" relativeToChangelogFile="true" />
    <include file="DWH.LKP_PCEfactor_Data.sql" relativeToChangelogFile="true" />
    <include file="DWH.basel2MethodMatrix_Data.sql" relativeToChangelogFile="true" />
    <include file="DWH.LKP_internalSectorMapping_Data.sql" relativeToChangelogFile="true" />
    <include file="DWH.creditQualityValues_Data.sql" relativeToChangelogFile="true" />
    <include file="DWH.LKP_basel2LossGivenDefault_Data.sql" relativeToChangelogFile="true" />
    <include file="DWH.LKP_GICSdescription_Data.sql" relativeToChangelogFile="true" />
    <include file="DWH.LKP_creditProtection_Data.sql" relativeToChangelogFile="true" />
    <include file="DWH.LKP_project_Data.sql" relativeToChangelogFile="true" />
    <include file="DWH.LKP_creditConversionFactor_Data.sql" relativeToChangelogFile="true" />
    <include file="DWH.exposureClassMatrix_Data.sql" relativeToChangelogFile="true" />
    <include file="DWH.LKP_ratingMatrix_Data.sql" relativeToChangelogFile="true" />
    <include file="DWH.LKP_basel2ClassGuaranteeQualified_Data.sql" relativeToChangelogFile="true" />
    <include file="DWH.LKP_ODVIssuerShiftClass_Data.sql" relativeToChangelogFile="true" />
    <include file="DWH.LKP_SCB2_Data.sql" relativeToChangelogFile="true" />
    <include file="DWH.contractValueType_Data.sql" relativeToChangelogFile="true" />
    <include file="DWH.LKP_entityMapping_Data.sql" relativeToChangelogFile="true" />
    <include file="DWH.LKP_PCEmapping_Data.sql" relativeToChangelogFile="true" />
    <include file="DWH.riskweightMatrix_Data.sql" relativeToChangelogFile="true" />
    <include file="DWH.LKP_accountClass_Data.sql" relativeToChangelogFile="true" />
    <include file="DWH.LKP_PCEtype_Data.sql" relativeToChangelogFile="true" />
    <include file="DWH.LKP_territory_Data.sql" relativeToChangelogFile="true" />
    <include file="DWH.limitType_Data.sql" relativeToChangelogFile="true" />
    <include file="DWH.LKP_territoryMapping_Data.sql" relativeToChangelogFile="true" />
    <include file="DWH.LKP_couponRateMatrix_Data.sql" relativeToChangelogFile="true" />
    <include file="DWH.LKP_creditQualityMatrix_Data.sql" relativeToChangelogFile="true" />
    <include file="DWH.LKP_PDmatrix_Data.sql" relativeToChangelogFile="true" />
    <include file="DWH.LKP_territoryMainCounterpart_Data.sql" relativeToChangelogFile="true" />
    <include file="DWH.LKP_setOfEquityIndices_Data.sql" relativeToChangelogFile="true" />
    <include file="DWH.LKP_accountGroup_Data.sql" relativeToChangelogFile="true" />

    <!-- END OF FILE LIST -->

</databaseChangeLog>
